Photo Filename,Photo Caption
photos/ECF4BC1B-9E93-4074-8F75-B7F9A4057262.jpg,""
photos/6E73327B-B5D6-4E03-9CDA-8377CEA03F4B.jpg,""
photos/889742A5-EEC8-4F59-83E5-EA5CE8FC30C3.jpg,""
photos/FE4CB1E5-580F-4465-AA94-EC13A77B3197.jpg,""
photos/8FF10046-2B22-4C7F-A8AE-FD62BCB67C29.jpg,""
photos/FB172CE8-770A-4C78-AD02-AAE893FD436C.jpg,""
photos/FB212C20-F0CF-455A-B0EB-6B84B1EB7190.jpg,""
photos/E5FBBE5C-0F4E-4FAB-B9F3-6EFFA9518B4A.jpg,""
photos/1E8E4D6A-E1E7-4DF1-BE59-EDC540889127.jpg,""
photos/C63792FD-DD9A-4941-BB74-28FC3D8A38CD.jpg,""
photos/5141E865-E12C-4C24-A59F-ED7002CF79D9.jpg,""
photos/B9820E01-0817-4E6E-918C-158CC3465AE7.jpg,""
photos/EC50FBFF-305A-47E4-BB27-27CAAEBBE519.jpg,""
photos/86CD80BB-C355-4A39-9E99-8F5495A9D4E5.jpg,""
photos/CFA596D3-B4F5-4B72-95A6-BC717144BD7D.jpg,""
photos/F53174D0-7233-42D0-8DE9-3C62994FDE8F.jpg,""
photos/39820EB2-FD0F-47D0-8E3C-B0207A486405.jpg,""
photos/7FD04A2E-7B93-4F2C-9AA2-CD3BD4E6D5A3.jpg,""
photos/2DDCF4C3-8D2E-4C1E-9D61-F8F1BF4A6BE2.jpg,""
photos/35A7CFAD-E6E7-47E0-9D64-055241711218.jpg,""
photos/895EA760-FB3B-4281-8F3A-07357B01313E.jpg,""
photos/3898B5A1-A31B-4265-B0EF-3DDAAA46ED6A.jpg,""
photos/0EB5552E-98E8-4F04-9CFC-6FD308C36AE5.jpg,""
photos/9F4D7C97-CBDD-4838-8CF4-883F18F877C8.jpg,""
photos/736EE078-86D9-4789-87D5-B7760220849F.jpg,""
photos/610F0781-19DB-4504-9EEC-58CB612C8587.jpg,""
photos/3B551280-9265-4FBF-9CD0-1F0AA9DB583F.jpg,""
photos/61179991-31BE-4D82-9EC6-A09CE703EF51.jpg,""
photos/16D2B6E4-1FB9-4158-BBB3-7CCF82F21BD1.jpg,""
photos/152792CF-A2EE-4720-A99A-68D29B18C8BC.jpg,""
photos/DF7D1C58-94FE-4A5E-BA0C-891E6D467D0E.jpg,""
photos/278D05A6-0450-4275-8ACF-B728DF34605D.jpg,""
photos/FCDDD71D-9F4B-4B37-B00F-8106A0C6A618.jpg,""
photos/C53A7766-A641-4103-AAFF-1F2E87029045.jpg,""
photos/E88ADBE3-3C13-4D56-932F-2D47D5141B6F.jpg,""
photos/E2C9B92A-D258-41AE-BE2F-EB210A3A6D4D.jpg,""
photos/638A1B4F-185B-46E2-8701-9A40A0BF94FC.jpg,""
photos/CA4BF1EB-2F00-47AF-A7C5-CDFBF9DB7DF9.jpg,""
photos/E4F458A0-1040-4B94-9315-8F37F0B4408D.jpg,""
photos/f0ec5b4c-2f23-4f0c-9cd3-bf11c9da4a76.jpg,""
photos/a6f4a4e1-a9a4-43a0-83b2-092345b3045c.jpg,""
photos/b3383d00-fe45-4ef8-b458-dd815f2412f9.jpg,""
photos/1b4c6a4a-ac32-4d98-88b3-e48d5cbeb4f4.jpg,""
photos/0c3e2c8c-354a-4dcd-86f8-c6f4c223465a.jpg,""
photos/54a95002-99ff-46cd-b05f-f07ba9317a15.jpg,""
photos/3f8bd7b9-ad6f-4d13-87d7-636511a6de34.jpg,""
photos/d988d03b-3658-4b67-bf9c-68e7e61dde49.jpg,""
photos/f26c7e72-4b9a-4350-adc0-b0bd96f1f26e.jpg,""
photos/460a9b5a-03c4-4ed0-a416-e1d3801f6640.jpg,""
